{
  "components": [
    {
      "id": "2SA1943",
      "name": "2SA1943",
      "type": "PNP Transistor",
      "description": "With TO-3PL package Complement to type 2SC5200 APPLICATIONS Power amplifier applications Recommended for 100W high fidelity audio frequency amplifier output stage PINNING PIN DESCRIPTION1 Emitter Collector;connected to 2 mounting base Fig.1 simplified outline (TO-3PL) and symbol",
      "manufacturer": "Various",
      "polarity": "PNP",
      "material": "Si",
      "package": "TO264",
      "maxCollectorCurrent": 17,
      "maxCollectorEmitterVoltage": 250,
      "maxCollectorBaseVoltage": 250,
      "maxEmitterBaseVoltage": 5,
      "maxPowerDissipation": 150,
      "hFE": 55,
      "specs": {
        "Polarity": "PNP",
        "Material": "Si",
        "Package": "TO264",
        "Collector Power Dissipation": "150W",
        "Collector-Base Voltage": "250V",
        "Collector-Emitter Voltage": "250V",
        "Emitter-Base Voltage": "5V",
        "Collector Current": "17A",
        "Current Gain (hFE)": "55",
        "Junction Temperature": "N/A",
        "Transition Frequency": "N/A",
        "Collector Capacitance": "N/A"
      },
      "datasheets": [
        {
          "name": "toshiba (133K)",
          "url": "https://alltransistors.com/adv/pdfview.php?doc=2sa1943.pdf&dire=_toshiba"
        },
        {
          "name": "utc (182K)",
          "url": "https://alltransistors.com/adv/pdfview.php?doc=2sa1943.pdf&dire=_utc"
        },
        {
          "name": "jmnic (198K)",
          "url": "https://alltransistors.com/adv/pdfview.php?doc=2sa1943.pdf&dire=_jmnic"
        }
      ],
      "equivalents": [
        {
          "id": "ZXTP2027F",
          "name": "ZXTP2027F",
          "type": "PNP Transistor",
          "description": "Potential equivalent for 2SA1943",
          "manufacturer": "Various",
          "href": "/component/ZXTP2027F"
        },
        {
          "id": "ZXTP2029F",
          "name": "ZXTP2029F",
          "type": "PNP Transistor",
          "description": "Potential equivalent for 2SA1943",
          "manufacturer": "Various",
          "href": "/component/ZXTP2029F"
        },
        {
          "id": "ZXTP2039F",
          "name": "ZXTP2039F",
          "type": "PNP Transistor",
          "description": "Potential equivalent for 2SA1943",
          "manufacturer": "Various",
          "href": "/component/ZXTP2039F"
        },
        {
          "id": "ZXTP25060BFH",
          "name": "ZXTP25060BFH",
          "type": "PNP Transistor",
          "description": "Potential equivalent for 2SA1943",
          "manufacturer": "Various",
          "href": "/component/ZXTP25060BFH"
        },
        {
          "id": "ZXTP25100BFH",
          "name": "ZXTP25100BFH",
          "type": "PNP Transistor",
          "description": "Potential equivalent for 2SA1943",
          "manufacturer": "Various",
          "href": "/component/ZXTP25100BFH"
        },
        {
          "id": "ZXTP25100CFH",
          "name": "ZXTP25100CFH",
          "type": "PNP Transistor",
          "description": "Potential equivalent for 2SA1943",
          "manufacturer": "Various",
          "href": "/component/ZXTP25100CFH"
        },
        {
          "id": "ZXTP25100CZ",
          "name": "ZXTP25100CZ",
          "type": "PNP Transistor",
          "description": "Potential equivalent for 2SA1943",
          "manufacturer": "Various",
          "href": "/component/ZXTP25100CZ"
        },
        {
          "id": "ZXTP722MA",
          "name": "ZXTP722MA",
          "type": "PNP Transistor",
          "description": "Potential equivalent for 2SA1943",
          "manufacturer": "Various",
          "href": "/component/ZXTP722MA"
        },
        {
          "id": "2SC5200",
          "name": "2SC5200",
          "type": "PNP Transistor",
          "description": "Potential equivalent for 2SA1943",
          "manufacturer": "Various",
          "href": "/component/2SC5200"
        },
        {
          "id": "BDW94CF",
          "name": "BDW94CF",
          "type": "PNP Transistor",
          "description": "Potential equivalent for 2SA1943",
          "manufacturer": "Various",
          "href": "/component/BDW94CF"
        },
        {
          "id": "FJA13009",
          "name": "FJA13009",
          "type": "PNP Transistor",
          "description": "Potential equivalent for 2SA1943",
          "manufacturer": "Various",
          "href": "/component/FJA13009"
        },
        {
          "id": "FJA4210",
          "name": "FJA4210",
          "type": "PNP Transistor",
          "description": "Potential equivalent for 2SA1943",
          "manufacturer": "Various",
          "href": "/component/FJA4210"
        },
        {
          "id": "FJA4213",
          "name": "FJA4213",
          "type": "PNP Transistor",
          "description": "Potential equivalent for 2SA1943",
          "manufacturer": "Various",
          "href": "/component/FJA4213"
        },
        {
          "id": "FJA4310",
          "name": "FJA4310",
          "type": "PNP Transistor",
          "description": "Potential equivalent for 2SA1943",
          "manufacturer": "Various",
          "href": "/component/FJA4310"
        },
        {
          "id": "FJA4313",
          "name": "FJA4313",
          "type": "PNP Transistor",
          "description": "Potential equivalent for 2SA1943",
          "manufacturer": "Various",
          "href": "/component/FJA4313"
        },
        {
          "id": "FJB102",
          "name": "FJB102",
          "type": "PNP Transistor",
          "description": "Potential equivalent for 2SA1943",
          "manufacturer": "Various",
          "href": "/component/FJB102"
        }
      ],
      "href": "/component/2SA1943"
    },
    {
      "id": "2SD718",
      "name": "2SD718",
      "type": "NPN Transistor",
      "description": "O3P \n- BJT Cross-Reference Search\n2SD718 Datasheet (PDF)\n..1. Size:106K utc\n2sd718.pdf \nUTC 2SD718 NPN EPITAXIAL SILICON TRANSISTOR HIGH POWER AMPLIFIER APPLICATION FEATURES *Recommended for 45~50W Audio Frequency *Amplifier Output Stage. *Complementary to 2SB688. 1TO-3P 1: BASE 2:COLLECTOR 3: EMITTER ABSOLUTE MAXIMUM RATINGS (Ta=25) PARAMETER SYMBOL RATINGS UNITCollector-Base Voltage VCBO 120 VCollector-Emitter Voltage VCEO 120 VEmitter-Base Voltage\n..3. Size:610K jilin sino\n2sd718.pdf \nNPN Silicon NPN Triple Diffused Transistor R 2SD718 SERIES APPLICATIONS Power Amplifier Applications FEATURES V =110V (min) High collector voltageV =110V (min) CEO CEOV =180V (min) V =180V (min) CEO CEO 2SB688 Complementary to 2SB688 \n..4. Size:252K first silicon\n2sd718 to3p.pdf \nSEMICONDUCTOR2SD718TECHNICAL DATANPN EPITAXIAL SILICON TRANSISTORHIGH POWER AMPLIFIER APPLICATIONFEATURES *Recommended for 45~50W Audio Frequency Amplifier Output Stage. *Complementary to 2SB688. 1TO-3P 1: BASE 2:COLLECTOR 3: EMITTER ABSOLUTE MAXIMUM RATINGS (Ta=25) PARAMETER SYMBOL RATINGS UNIT Collector- VCBO 120 V Base Voltage Collector- VCEO 120 V Emitte\nDatasheet: 2SD713 , 2SD715 , 2SD716 , 2SD716O , 2SD716R , 2SD717 , 2SD717O , 2SD717Y , BC546 , 2SD718O , 2SD718R , 2SD72 , 2SD720 , 2SD721 , 2SD722 , 2SD723 , 2SD724 . \nHistory: 2SA1943 \nKeywords - 2SD718 transistor datasheet\n2SD718 cross reference\n2SD718 equivalent finder\n2SD718 lookup\n2SD718 substitution\n2SD718 replacement",
      "manufacturer": "Various",
      "polarity": "NPN",
      "material": "Si",
      "package": "TO3P",
      "maxCollectorCurrent": 8,
      "maxCollectorEmitterVoltage": 120,
      "maxCollectorBaseVoltage": 120,
      "maxEmitterBaseVoltage": 5,
      "maxPowerDissipation": 80,
      "maxJunctionTemperature": 150,
      "transitionFrequency": 6,
      "collectorCapacitance": 170,
      "hFE": 55,
      "specs": {
        "Polarity": "NPN",
        "Material": "Si",
        "Package": "TO3P",
        "Collector Power Dissipation": "80W",
        "Collector-Base Voltage": "120V",
        "Collector-Emitter Voltage": "120V",
        "Emitter-Base Voltage": "5V",
        "Collector Current": "8A",
        "Current Gain (hFE)": "55",
        "Junction Temperature": "150°C",
        "Transition Frequency": "6MHz",
        "Collector Capacitance": "170pF"
      },
      "datasheets": [
        {
          "name": "utc (106K)",
          "url": "https://alltransistors.com/adv/pdfview.php?doc=2sd718.pdf&dire=_utc"
        },
        {
          "name": "jilin sino (610K)",
          "url": "https://alltransistors.com/adv/pdfview.php?doc=2sd718.pdf&dire=_jilin_sino"
        }
      ],
      "equivalents": [
        {
          "id": "2SD713",
          "name": "2SD713",
          "type": "NPN Transistor",
          "description": "Potential equivalent for 2SD718",
          "manufacturer": "Various",
          "href": "/component/2SD713"
        },
        {
          "id": "2SD715",
          "name": "2SD715",
          "type": "NPN Transistor",
          "description": "Potential equivalent for 2SD718",
          "manufacturer": "Various",
          "href": "/component/2SD715"
        },
        {
          "id": "2SD716",
          "name": "2SD716",
          "type": "NPN Transistor",
          "description": "Potential equivalent for 2SD718",
          "manufacturer": "Various",
          "href": "/component/2SD716"
        },
        {
          "id": "2SD716O",
          "name": "2SD716O",
          "type": "NPN Transistor",
          "description": "Potential equivalent for 2SD718",
          "manufacturer": "Various",
          "href": "/component/2SD716O"
        },
        {
          "id": "2SD716R",
          "name": "2SD716R",
          "type": "NPN Transistor",
          "description": "Potential equivalent for 2SD718",
          "manufacturer": "Various",
          "href": "/component/2SD716R"
        },
        {
          "id": "2SD717",
          "name": "2SD717",
          "type": "NPN Transistor",
          "description": "Potential equivalent for 2SD718",
          "manufacturer": "Various",
          "href": "/component/2SD717"
        },
        {
          "id": "2SD717O",
          "name": "2SD717O",
          "type": "NPN Transistor",
          "description": "Potential equivalent for 2SD718",
          "manufacturer": "Various",
          "href": "/component/2SD717O"
        },
        {
          "id": "2SD717Y",
          "name": "2SD717Y",
          "type": "NPN Transistor",
          "description": "Potential equivalent for 2SD718",
          "manufacturer": "Various",
          "href": "/component/2SD717Y"
        },
        {
          "id": "2SD718O",
          "name": "2SD718O",
          "type": "NPN Transistor",
          "description": "Potential equivalent for 2SD718",
          "manufacturer": "Various",
          "href": "/component/2SD718O"
        },
        {
          "id": "2SD718R",
          "name": "2SD718R",
          "type": "NPN Transistor",
          "description": "Potential equivalent for 2SD718",
          "manufacturer": "Various",
          "href": "/component/2SD718R"
        },
        {
          "id": "2SD72",
          "name": "2SD72",
          "type": "NPN Transistor",
          "description": "Potential equivalent for 2SD718",
          "manufacturer": "Various",
          "href": "/component/2SD72"
        },
        {
          "id": "2SD720",
          "name": "2SD720",
          "type": "NPN Transistor",
          "description": "Potential equivalent for 2SD718",
          "manufacturer": "Various",
          "href": "/component/2SD720"
        },
        {
          "id": "2SD721",
          "name": "2SD721",
          "type": "NPN Transistor",
          "description": "Potential equivalent for 2SD718",
          "manufacturer": "Various",
          "href": "/component/2SD721"
        },
        {
          "id": "2SD722",
          "name": "2SD722",
          "type": "NPN Transistor",
          "description": "Potential equivalent for 2SD718",
          "manufacturer": "Various",
          "href": "/component/2SD722"
        },
        {
          "id": "2SD723",
          "name": "2SD723",
          "type": "NPN Transistor",
          "description": "Potential equivalent for 2SD718",
          "manufacturer": "Various",
          "href": "/component/2SD723"
        },
        {
          "id": "2SD724",
          "name": "2SD724",
          "type": "NPN Transistor",
          "description": "Potential equivalent for 2SD718",
          "manufacturer": "Various",
          "href": "/component/2SD724"
        }
      ],
      "href": "/component/2SD718"
    },
    {
      "id": "TIP42C",
      "name": "TIP42C",
      "type": "PNP Transistor",
      "description": "O220 \n- BJT Cross-Reference Search\nTIP42C Datasheet (PDF)\n..1. Size:275K st\ntip41c tip42c.pdf \nTIP41CTIP42CComplementary power transistors .Features Complementary PNP-NPN devices New enhanced series High switching speed hFE grouping hFE improved linearity321ApplicationsTO-220 General purpose circuits Audio amplifierFigure 1. Internal schematic diagram Power linear and switchingDescriptionThe TIP41C is a base island technolog\n..2. Size:39K st\ntip41a tip41b tip41c tip42a tip42b tip42c.pdf \nTIP41A/41B/41CTIP42A/42B/42CCOMPLEMENTARY SILICON POWERTRANSISTORSn SGS-THOMSON PREFERRED SALESTYPESDESCRIPTIONThe TIP41A, TIP41B and TIP41C are siliconepitaxial-base NPN power transistors in JedecTO-220 plastic package, intented for use inmedium power linear and switching applications.The complementary PNP types are TIP42A,TIP42B and TIP42C.321TO-220INTERNAL SCH\n..3. Size:242K fairchild semi\ntip42 tip42a tip42b tip42c.pdf \nDecember 2009TIP42/TIP42A/TIP42B/TIP42CPNP Epitaxial Silicon TransistorFeatures Medium Power Linear Switching Applications Complement to TIP41/TIP41A/TIP41B/TIP41CTO-22011.Base 2.Collector 3.EmitterAbsolute Maximum Ratings TA=25C unless otherwise notedSymbol Parameter Value Units VCBO Collector-Base Voltage : TIP42 - 40 V : TIP42A - 60 V : TIP42B - 80 V : TIP\n..4. Size:237K mcc\ntip42 tip42a tip42b tip42c to-220.pdf \nMCCMicro Commercial ComponentsTMTIP42/42A/42B/42C20736 Marilla Street ChatsworthMicro Commercial ComponentsCA 91311Phone: (818) 701-4933Fax: (818) 701-4939Features Lead Free Finish/RoHS Compliant(Note 1) (\"P\" Suffix designates RoHS Compliant. See ordering information) Silicon PNP The complementary NPN types are the TIP41 respectively Epoxy meets UL 94 V-0 \nDatasheet: TIP41B , TIP41C , TIP41D , TIP41E , TIP41F , TIP42 , TIP42A , TIP42B , TIP41C , TIP42D , TIP42E , TIP42F , TIP47 , TIP48 , TIP49 , TIP50 , TIP501 . \nHistory: 2SD718 | 2SA1943 \nKeywords - TIP42C transistor datasheet\nTIP42C cross reference\nTIP42C equivalent finder\nTIP42C lookup\nTIP42C substitution\nTIP42C replacement",
      "manufacturer": "Various",
      "polarity": "PNP",
      "material": "Si",
      "package": "TO220",
      "maxCollectorCurrent": 6,
      "maxCollectorEmitterVoltage": 100,
      "maxCollectorBaseVoltage": 140,
      "maxEmitterBaseVoltage": 5,
      "maxPowerDissipation": 65,
      "maxJunctionTemperature": 150,
      "transitionFrequency": 3,
      "hFE": 20,
      "specs": {
        "Polarity": "PNP",
        "Material": "Si",
        "Package": "TO220",
        "Collector Power Dissipation": "65W",
        "Collector-Base Voltage": "140V",
        "Collector-Emitter Voltage": "100V",
        "Emitter-Base Voltage": "5V",
        "Collector Current": "6A",
        "Current Gain (hFE)": "20",
        "Junction Temperature": "150°C",
        "Transition Frequency": "3MHz",
        "Collector Capacitance": "N/A"
      },
      "datasheets": [],
      "equivalents": [
        {
          "id": "TIP41B",
          "name": "TIP41B",
          "type": "PNP Transistor",
          "description": "Potential equivalent for TIP42C",
          "manufacturer": "Various",
          "href": "/component/TIP41B"
        },
        {
          "id": "TIP41C",
          "name": "TIP41C",
          "type": "PNP Transistor",
          "description": "Potential equivalent for TIP42C",
          "manufacturer": "Various",
          "href": "/component/TIP41C"
        },
        {
          "id": "TIP41D",
          "name": "TIP41D",
          "type": "PNP Transistor",
          "description": "Potential equivalent for TIP42C",
          "manufacturer": "Various",
          "href": "/component/TIP41D"
        },
        {
          "id": "TIP41E",
          "name": "TIP41E",
          "type": "PNP Transistor",
          "description": "Potential equivalent for TIP42C",
          "manufacturer": "Various",
          "href": "/component/TIP41E"
        },
        {
          "id": "TIP41F",
          "name": "TIP41F",
          "type": "PNP Transistor",
          "description": "Potential equivalent for TIP42C",
          "manufacturer": "Various",
          "href": "/component/TIP41F"
        },
        {
          "id": "TIP42",
          "name": "TIP42",
          "type": "PNP Transistor",
          "description": "Potential equivalent for TIP42C",
          "manufacturer": "Various",
          "href": "/component/TIP42"
        },
        {
          "id": "TIP42A",
          "name": "TIP42A",
          "type": "PNP Transistor",
          "description": "Potential equivalent for TIP42C",
          "manufacturer": "Various",
          "href": "/component/TIP42A"
        },
        {
          "id": "TIP42B",
          "name": "TIP42B",
          "type": "PNP Transistor",
          "description": "Potential equivalent for TIP42C",
          "manufacturer": "Various",
          "href": "/component/TIP42B"
        },
        {
          "id": "TIP41C",
          "name": "TIP41C",
          "type": "PNP Transistor",
          "description": "Potential equivalent for TIP42C",
          "manufacturer": "Various",
          "href": "/component/TIP41C"
        },
        {
          "id": "TIP42D",
          "name": "TIP42D",
          "type": "PNP Transistor",
          "description": "Potential equivalent for TIP42C",
          "manufacturer": "Various",
          "href": "/component/TIP42D"
        },
        {
          "id": "TIP42E",
          "name": "TIP42E",
          "type": "PNP Transistor",
          "description": "Potential equivalent for TIP42C",
          "manufacturer": "Various",
          "href": "/component/TIP42E"
        },
        {
          "id": "TIP42F",
          "name": "TIP42F",
          "type": "PNP Transistor",
          "description": "Potential equivalent for TIP42C",
          "manufacturer": "Various",
          "href": "/component/TIP42F"
        },
        {
          "id": "TIP47",
          "name": "TIP47",
          "type": "PNP Transistor",
          "description": "Potential equivalent for TIP42C",
          "manufacturer": "Various",
          "href": "/component/TIP47"
        },
        {
          "id": "TIP48",
          "name": "TIP48",
          "type": "PNP Transistor",
          "description": "Potential equivalent for TIP42C",
          "manufacturer": "Various",
          "href": "/component/TIP48"
        },
        {
          "id": "TIP49",
          "name": "TIP49",
          "type": "PNP Transistor",
          "description": "Potential equivalent for TIP42C",
          "manufacturer": "Various",
          "href": "/component/TIP49"
        },
        {
          "id": "TIP50",
          "name": "TIP50",
          "type": "PNP Transistor",
          "description": "Potential equivalent for TIP42C",
          "manufacturer": "Various",
          "href": "/component/TIP50"
        },
        {
          "id": "TIP501",
          "name": "TIP501",
          "type": "PNP Transistor",
          "description": "Potential equivalent for TIP42C",
          "manufacturer": "Various",
          "href": "/component/TIP501"
        }
      ],
      "href": "/component/TIP42C"
    },
    {
      "id": "13009",
      "name": "13009",
      "type": "NPN Transistor",
      "description": "O220 \n- BJT Cross-Reference Search\n13009 Datasheet (PDF)\n..1. Size:114K jdsemi\n13009.pdf \nR13009 www.jdsemi.cn Bipolar Junction Transistor ShenZhen Jingdao Electronic Co.,Ltd. Si NPN RoHS COMPLIANT 111APPLICATION 1Fluorescent LampElectronic Ballast Computer Switch Power Supply 222FEAT\n0.2. Size:451K motorola\nmje13009.pdf \nOrder this documentMOTOROLAby MJE13009/DSEMICONDUCTOR TECHNICAL DATAMJE13009**Motorola Preferred DeviceDesigner's Data Sheet12 AMPERESWITCHMODE SeriesNPN SILICONPOWER TRANSISTORNPN Silicon Power Transistors400 VOLTSThe MJE13009 is designed for highvoltage, highspeed power switching inductive 100 WATTScircuits where fall time is critical. They are particularl\n0.3. Size:47K philips\nphe13009.pdf \nPhilips Semiconductors Preliminary specification Silicon Diffused Power Transistor PHE13009 GENERAL DESCRIPTIONThe PHE13009 is a silicon npn power switching transistor in the TO220AB envelope intended for use in highfrequency electronic lighting ballast applications, converters, inverters, switching regulators, motor control systems,etc.QUICK REFERENCE DATASYMBOL PARAMETER CONDITI\nDatasheet: WPT2N41 , WPT2F06 , WPT2E33 , WPT2F30 , WPT2N32 , WPT2N31 , 13005 , 13007 , 2SC2625 , 13001-0 , 13001-2 , 13001-A , 13003AD , 13003B , 13005A , 13005AD , 13005ADL . \nHistory: TIP42C | 2SD718 | 2SA1943 \nKeywords - 13009 transistor datasheet\n13009 cross reference\n13009 equivalent finder\n13009 lookup\n13009 substitution\n13009 replacement",
      "manufacturer": "Various",
      "polarity": "NPN",
      "material": "Si",
      "package": "TO220",
      "maxCollectorCurrent": 12,
      "maxCollectorEmitterVoltage": 400,
      "maxCollectorBaseVoltage": 700,
      "maxEmitterBaseVoltage": 9,
      "maxPowerDissipation": 100,
      "maxJunctionTemperature": 150,
      "transitionFrequency": 4,
      "hFE": 15,
      "specs": {
        "Polarity": "NPN",
        "Material": "Si",
        "Package": "TO220",
        "Collector Power Dissipation": "100W",
        "Collector-Base Voltage": "700V",
        "Collector-Emitter Voltage": "400V",
        "Emitter-Base Voltage": "9V",
        "Collector Current": "12A",
        "Current Gain (hFE)": "15",
        "Junction Temperature": "150°C",
        "Transition Frequency": "4MHz",
        "Collector Capacitance": "N/A"
      },
      "datasheets": [
        {
          "name": "jdsemi (114K)",
          "url": "https://alltransistors.com/adv/pdfview.php?doc=13009.pdf&dire=_jdsemi"
        },
        {
          "name": "motorola (451K)",
          "url": "https://alltransistors.com/adv/pdfview.php?doc=mje13009.pdf&dire=_motorola"
        },
        {
          "name": "philips (47K)",
          "url": "https://alltransistors.com/adv/pdfview.php?doc=phe13009.pdf&dire=_philips"
        }
      ],
      "equivalents": [
        {
          "id": "WPT2N41",
          "name": "WPT2N41",
          "type": "NPN Transistor",
          "description": "Potential equivalent for 13009",
          "manufacturer": "Various",
          "href": "/component/WPT2N41"
        },
        {
          "id": "WPT2F06",
          "name": "WPT2F06",
          "type": "NPN Transistor",
          "description": "Potential equivalent for 13009",
          "manufacturer": "Various",
          "href": "/component/WPT2F06"
        },
        {
          "id": "WPT2E33",
          "name": "WPT2E33",
          "type": "NPN Transistor",
          "description": "Potential equivalent for 13009",
          "manufacturer": "Various",
          "href": "/component/WPT2E33"
        },
        {
          "id": "WPT2F30",
          "name": "WPT2F30",
          "type": "NPN Transistor",
          "description": "Potential equivalent for 13009",
          "manufacturer": "Various",
          "href": "/component/WPT2F30"
        },
        {
          "id": "WPT2N32",
          "name": "WPT2N32",
          "type": "NPN Transistor",
          "description": "Potential equivalent for 13009",
          "manufacturer": "Various",
          "href": "/component/WPT2N32"
        },
        {
          "id": "WPT2N31",
          "name": "WPT2N31",
          "type": "NPN Transistor",
          "description": "Potential equivalent for 13009",
          "manufacturer": "Various",
          "href": "/component/WPT2N31"
        },
        {
          "id": "2SC2625",
          "name": "2SC2625",
          "type": "NPN Transistor",
          "description": "Potential equivalent for 13009",
          "manufacturer": "Various",
          "href": "/component/2SC2625"
        }
      ],
      "href": "/component/13009"
    },
    {
      "id": "2SC2073",
      "name": "2SC2073",
      "type": "NPN Transistor",
      "description": "O220 \n- BJT Cross-Reference Search\n2SC2073 Datasheet (PDF)\n..1. Size:502K jiangsu\n2sc2073.pdf \nJIANGSU CHANGJIANG ELECTRONICS TECHNOLOGY CO., LTD TO-220-3L Plastic-Encapsulate Transistors 2SC2073 TRANSISTOR (NPN) TO-220-3L1. BASE FEATURES 2. COLLECTOR Wide safe Operating Area. 3. EMITTER Complementary to 2SA940 MAXIMUM RATINGS (Ta=25 unless otherwise noted) Symbol Paramenter Value UnitVCBO Collector-Base Voltage 150 V VCEO Collector-Emitter Voltage 150\n..2. Size:218K lge\n2sc2073.pdf \n2SC2073(NPN) TO-220 TransistorTO-2201. BASE 2. COLLECTOR 3. EMITTER 3 21Features Wide safe Operating Area. Complementary to 2SA940 MAXIMUM RATINGS (TA=25 unless otherwise noted) Dimensions in inches and (millimeters)Symbol Paramenter Value UnitsVCBO Collector-Base Voltage 150 V VCEO Collector-Emitter Voltage 150 V VEBO Emitter-Base Voltage 5 V IC C\n..3. Size:215K foshan\n2sc2073 3da2073.pdf \n2SC2073(3DA2073) NPN /SILICON NPN TRANSISTOR : Purpose: Power amplifier applications, vertical output applications. :, 2SA940(3CA940) Features: Wide Safe Operating Area, complementary to 2SA940(3CA940). /Absolute maximum ratings(Ta=25) \n..4. Size:1725K jsmsemi\n2sc2073.pdf \n2SC2073NPN / Descriptions TO-220 NPN Silicon NPN transistor in a TO-220 Plastic Package. / Features PIN1Base , 2SA940 1 PIN 2Collector 2 3 Wide Safe Operating Area, complementary to 2SA940. PIN 3Emitter / Applications \nDatasheet: 2SC2065 , 2SC2066 , 2SC2067 , 2SC2068 , 2SC2069 , 2SC207 , 2SC2070 , 2SC2071 , 2N3906 , 2SC2075 , 2SC2076 , 2SC2078 , 2SC2078B , 2SC2078C , 2SC2078D , 2SC2078E , 2SC2079 . \nHistory: TIP42C | 2SD718 | 2SA1943 \nKeywords - 2SC2073 transistor datasheet\n2SC2073 cross reference\n2SC2073 equivalent finder\n2SC2073 lookup\n2SC2073 substitution\n2SC2073 replacement",
      "manufacturer": "Various",
      "polarity": "NPN",
      "material": "Si",
      "package": "TO220",
      "maxCollectorCurrent": 1.5,
      "maxCollectorEmitterVoltage": 150,
      "maxCollectorBaseVoltage": 150,
      "maxEmitterBaseVoltage": 5,
      "maxPowerDissipation": 25,
      "maxJunctionTemperature": 150,
      "transitionFrequency": 1,
      "collectorCapacitance": 70,
      "hFE": 40,
      "specs": {
        "Polarity": "NPN",
        "Material": "Si",
        "Package": "TO220",
        "Collector Power Dissipation": "25W",
        "Collector-Base Voltage": "150V",
        "Collector-Emitter Voltage": "150V",
        "Emitter-Base Voltage": "5V",
        "Collector Current": "1.5A",
        "Current Gain (hFE)": "40",
        "Junction Temperature": "150°C",
        "Transition Frequency": "1MHz",
        "Collector Capacitance": "70pF"
      },
      "datasheets": [
        {
          "name": "jiangsu (502K)",
          "url": "https://alltransistors.com/adv/pdfview.php?doc=2sc2073.pdf&dire=_jiangsu"
        },
        {
          "name": "lge (218K)",
          "url": "https://alltransistors.com/adv/pdfview.php?doc=2sc2073.pdf&dire=_lge"
        },
        {
          "name": "jsmsemi (1725K)",
          "url": "https://alltransistors.com/adv/pdfview.php?doc=2sc2073.pdf&dire=_jsmsemi"
        }
      ],
      "equivalents": [
        {
          "id": "2SC2065",
          "name": "2SC2065",
          "type": "NPN Transistor",
          "description": "Potential equivalent for 2SC2073",
          "manufacturer": "Various",
          "href": "/component/2SC2065"
        },
        {
          "id": "2SC2066",
          "name": "2SC2066",
          "type": "NPN Transistor",
          "description": "Potential equivalent for 2SC2073",
          "manufacturer": "Various",
          "href": "/component/2SC2066"
        },
        {
          "id": "2SC2067",
          "name": "2SC2067",
          "type": "NPN Transistor",
          "description": "Potential equivalent for 2SC2073",
          "manufacturer": "Various",
          "href": "/component/2SC2067"
        },
        {
          "id": "2SC2068",
          "name": "2SC2068",
          "type": "NPN Transistor",
          "description": "Potential equivalent for 2SC2073",
          "manufacturer": "Various",
          "href": "/component/2SC2068"
        },
        {
          "id": "2SC2069",
          "name": "2SC2069",
          "type": "NPN Transistor",
          "description": "Potential equivalent for 2SC2073",
          "manufacturer": "Various",
          "href": "/component/2SC2069"
        },
        {
          "id": "2SC207",
          "name": "2SC207",
          "type": "NPN Transistor",
          "description": "Potential equivalent for 2SC2073",
          "manufacturer": "Various",
          "href": "/component/2SC207"
        },
        {
          "id": "2SC2070",
          "name": "2SC2070",
          "type": "NPN Transistor",
          "description": "Potential equivalent for 2SC2073",
          "manufacturer": "Various",
          "href": "/component/2SC2070"
        },
        {
          "id": "2SC2071",
          "name": "2SC2071",
          "type": "NPN Transistor",
          "description": "Potential equivalent for 2SC2073",
          "manufacturer": "Various",
          "href": "/component/2SC2071"
        },
        {
          "id": "2SC2075",
          "name": "2SC2075",
          "type": "NPN Transistor",
          "description": "Potential equivalent for 2SC2073",
          "manufacturer": "Various",
          "href": "/component/2SC2075"
        },
        {
          "id": "2SC2076",
          "name": "2SC2076",
          "type": "NPN Transistor",
          "description": "Potential equivalent for 2SC2073",
          "manufacturer": "Various",
          "href": "/component/2SC2076"
        },
        {
          "id": "2SC2078",
          "name": "2SC2078",
          "type": "NPN Transistor",
          "description": "Potential equivalent for 2SC2073",
          "manufacturer": "Various",
          "href": "/component/2SC2078"
        },
        {
          "id": "2SC2078B",
          "name": "2SC2078B",
          "type": "NPN Transistor",
          "description": "Potential equivalent for 2SC2073",
          "manufacturer": "Various",
          "href": "/component/2SC2078B"
        },
        {
          "id": "2SC2078C",
          "name": "2SC2078C",
          "type": "NPN Transistor",
          "description": "Potential equivalent for 2SC2073",
          "manufacturer": "Various",
          "href": "/component/2SC2078C"
        },
        {
          "id": "2SC2078D",
          "name": "2SC2078D",
          "type": "NPN Transistor",
          "description": "Potential equivalent for 2SC2073",
          "manufacturer": "Various",
          "href": "/component/2SC2078D"
        },
        {
          "id": "2SC2078E",
          "name": "2SC2078E",
          "type": "NPN Transistor",
          "description": "Potential equivalent for 2SC2073",
          "manufacturer": "Various",
          "href": "/component/2SC2078E"
        },
        {
          "id": "2SC2079",
          "name": "2SC2079",
          "type": "NPN Transistor",
          "description": "Potential equivalent for 2SC2073",
          "manufacturer": "Various",
          "href": "/component/2SC2079"
        }
      ],
      "href": "/component/2SC2073"
    },
    {
      "id": "BC337",
      "name": "BC337",
      "type": "NPN Transistor",
      "description": "Low voltage (max. 45 V).1 emitter2 baseAPPLICATIONS3 collector\n..3. Size:236K philips",
      "manufacturer": "Various",
      "polarity": "NPN",
      "material": "Si",
      "package": "TO92",
      "maxCollectorCurrent": 0.8,
      "maxCollectorEmitterVoltage": 45,
      "maxCollectorBaseVoltage": 50,
      "maxEmitterBaseVoltage": 5,
      "maxPowerDissipation": 0.36,
      "maxJunctionTemperature": 150,
      "transitionFrequency": 60,
      "collectorCapacitance": 20,
      "hFE": 100,
      "specs": {
        "Polarity": "NPN",
        "Material": "Si",
        "Package": "TO92",
        "Collector Power Dissipation": "0.36W",
        "Collector-Base Voltage": "50V",
        "Collector-Emitter Voltage": "45V",
        "Emitter-Base Voltage": "5V",
        "Collector Current": "0.8A",
        "Current Gain (hFE)": "100",
        "Junction Temperature": "150°C",
        "Transition Frequency": "60MHz",
        "Collector Capacitance": "20pF"
      },
      "datasheets": [],
      "equivalents": [],
      "href": "/component/BC337"
    },
    {
      "id": "2SD1047",
      "name": "2SD1047",
      "type": "NPN Transistor",
      "description": "O247 \n- BJT Cross-Reference Search\n2SD1047 Datasheet (PDF)\n..1. Size:185K st\n2sd1047.pdf \n2SD1047High power NPN epitaxial planar bipolar transistorFeatures High breakdown voltage VCEO = 140 V Typical ft = 20 MHz Fully characterized at 125 oCApplication Power supply 321DescriptionTO-3PThe device is a NPN transistor manufactured using new BiT-LA (Bipolar transistor for linear amplifier) technology. The resulting transistor shows good gain line\n..2. Size:125K sanyo\n2sd1047 2sd1047e.pdf \nOrdering number:680FPNP Epitaxial Planar Silicon TransistorsNPN Triple Diffused Planar Silicon Transistors2SB817/2SD1047140V/12A AF 60W Output ApplicationsFeatures Package Dimensions Capable of being mounted easily because of one-unit:mmpoint fixing type plastic molded package (Inter-2022Achangeable with TO-3).[2SB817/2SD1047] Wide ASO because of on-chip ballast re\n..3. Size:218K inchange semiconductor\n2sd1047.pdf \nisc Silicon NPN Power Transistor 2SD1047DESCRIPTIONCollector-Emitter Breakdown Voltage-: V = 140V(Min)(BR)CEOGood Linearity of hFEHigh Current CapabilityWide Area of Safe OperationComplement to Type 2SB817Minimum Lot-to-Lot variations for robust deviceperformance and reliable operationAPPLICATIONSRecommend for 60W audio frequency amplifier outputstage a\n0.1. Size:30K sanyo\n2sb817p 2sd1047p 2sd1047p.pdf \nOrdering number : ENN65722SB817P / 2SD1047P2SB817P : PNP Epitaxial Planar Silicon Transistor2SD1047P : NPN Triple Diffused Planar Silicon Transistor2SB817P / 2SD1047P140V / 12A, AF80W Output ApplicationsFeaturesPackage Dimensions Capable of being mounted easily because of one- unit : mmpoint fixing type plastic molded package (Inter-2022Achangeable with TO-3).[2SB817P\nDatasheet: 2SD1042 , 2SD1043 , 2SD1044 , 2SD1044A , 2SD1045 , 2SD1046 , 2SD1046D , 2SD1046E , C945 , 2SD1047O , 2SD1048 , 2SD1048-6 , 2SD1048-7 , 2SD1048-8 , 2SD1049 , 2SD105 , 2SD1050 . \nHistory: BC337 | 2SC2073 | TIP42C | 2SD718 | 2SA1943 \nKeywords - 2SD1047 transistor datasheet\n2SD1047 cross reference\n2SD1047 equivalent finder\n2SD1047 lookup\n2SD1047 substitution\n2SD1047 replacement",
      "manufacturer": "Various",
      "polarity": "NPN",
      "material": "Si",
      "package": "TO247",
      "maxCollectorCurrent": 12,
      "maxCollectorEmitterVoltage": 140,
      "maxCollectorBaseVoltage": 160,
      "maxEmitterBaseVoltage": 6,
      "maxPowerDissipation": 100,
      "maxJunctionTemperature": 150,
      "transitionFrequency": 15,
      "collectorCapacitance": 210,
      "hFE": 60,
      "specs": {
        "Polarity": "NPN",
        "Material": "Si",
        "Package": "TO247",
        "Collector Power Dissipation": "100W",
        "Collector-Base Voltage": "160V",
        "Collector-Emitter Voltage": "140V",
        "Emitter-Base Voltage": "6V",
        "Collector Current": "12A",
        "Current Gain (hFE)": "60",
        "Junction Temperature": "150°C",
        "Transition Frequency": "15MHz",
        "Collector Capacitance": "210pF"
      },
      "datasheets": [
        {
          "name": "st (185K)",
          "url": "https://alltransistors.com/adv/pdfview.php?doc=2sd1047.pdf&dire=_st"
        },
        {
          "name": "inchange semiconductor (218K)",
          "url": "https://alltransistors.com/adv/pdfview.php?doc=2sd1047.pdf&dire=_inchange_semiconductor"
        }
      ],
      "equivalents": [
        {
          "id": "2SD1042",
          "name": "2SD1042",
          "type": "NPN Transistor",
          "description": "Potential equivalent for 2SD1047",
          "manufacturer": "Various",
          "href": "/component/2SD1042"
        },
        {
          "id": "2SD1043",
          "name": "2SD1043",
          "type": "NPN Transistor",
          "description": "Potential equivalent for 2SD1047",
          "manufacturer": "Various",
          "href": "/component/2SD1043"
        },
        {
          "id": "2SD1044",
          "name": "2SD1044",
          "type": "NPN Transistor",
          "description": "Potential equivalent for 2SD1047",
          "manufacturer": "Various",
          "href": "/component/2SD1044"
        },
        {
          "id": "2SD1044A",
          "name": "2SD1044A",
          "type": "NPN Transistor",
          "description": "Potential equivalent for 2SD1047",
          "manufacturer": "Various",
          "href": "/component/2SD1044A"
        },
        {
          "id": "2SD1045",
          "name": "2SD1045",
          "type": "NPN Transistor",
          "description": "Potential equivalent for 2SD1047",
          "manufacturer": "Various",
          "href": "/component/2SD1045"
        },
        {
          "id": "2SD1046",
          "name": "2SD1046",
          "type": "NPN Transistor",
          "description": "Potential equivalent for 2SD1047",
          "manufacturer": "Various",
          "href": "/component/2SD1046"
        },
        {
          "id": "2SD1046D",
          "name": "2SD1046D",
          "type": "NPN Transistor",
          "description": "Potential equivalent for 2SD1047",
          "manufacturer": "Various",
          "href": "/component/2SD1046D"
        },
        {
          "id": "2SD1046E",
          "name": "2SD1046E",
          "type": "NPN Transistor",
          "description": "Potential equivalent for 2SD1047",
          "manufacturer": "Various",
          "href": "/component/2SD1046E"
        },
        {
          "id": "2SD1047O",
          "name": "2SD1047O",
          "type": "NPN Transistor",
          "description": "Potential equivalent for 2SD1047",
          "manufacturer": "Various",
          "href": "/component/2SD1047O"
        },
        {
          "id": "2SD1048",
          "name": "2SD1048",
          "type": "NPN Transistor",
          "description": "Potential equivalent for 2SD1047",
          "manufacturer": "Various",
          "href": "/component/2SD1048"
        },
        {
          "id": "2SD1048",
          "name": "2SD1048",
          "type": "NPN Transistor",
          "description": "Potential equivalent for 2SD1047",
          "manufacturer": "Various",
          "href": "/component/2SD1048"
        },
        {
          "id": "2SD1048",
          "name": "2SD1048",
          "type": "NPN Transistor",
          "description": "Potential equivalent for 2SD1047",
          "manufacturer": "Various",
          "href": "/component/2SD1048"
        },
        {
          "id": "2SD1048",
          "name": "2SD1048",
          "type": "NPN Transistor",
          "description": "Potential equivalent for 2SD1047",
          "manufacturer": "Various",
          "href": "/component/2SD1048"
        },
        {
          "id": "2SD1049",
          "name": "2SD1049",
          "type": "NPN Transistor",
          "description": "Potential equivalent for 2SD1047",
          "manufacturer": "Various",
          "href": "/component/2SD1049"
        },
        {
          "id": "2SD105",
          "name": "2SD105",
          "type": "NPN Transistor",
          "description": "Potential equivalent for 2SD1047",
          "manufacturer": "Various",
          "href": "/component/2SD105"
        },
        {
          "id": "2SD1050",
          "name": "2SD1050",
          "type": "NPN Transistor",
          "description": "Potential equivalent for 2SD1047",
          "manufacturer": "Various",
          "href": "/component/2SD1050"
        }
      ],
      "href": "/component/2SD1047"
    },
    {
      "id": "BC557",
      "name": "BC557",
      "type": "PNP Transistor",
      "description": "Low voltage (max. 65 V).1 emitter2 baseAPPLICATIONS\n..3. Size:43K fairchild semi",
      "manufacturer": "Various",
      "polarity": "PNP",
      "material": "Si",
      "package": "X10",
      "maxCollectorCurrent": 0.2,
      "maxCollectorEmitterVoltage": 45,
      "maxCollectorBaseVoltage": 50,
      "maxEmitterBaseVoltage": 5,
      "maxPowerDissipation": 0.3,
      "maxJunctionTemperature": 150,
      "transitionFrequency": 75,
      "hFE": 75,
      "specs": {
        "Polarity": "PNP",
        "Material": "Si",
        "Package": "X10",
        "Collector Power Dissipation": "0.3W",
        "Collector-Base Voltage": "50V",
        "Collector-Emitter Voltage": "45V",
        "Emitter-Base Voltage": "5V",
        "Collector Current": "0.2A",
        "Current Gain (hFE)": "75",
        "Junction Temperature": "150°C",
        "Transition Frequency": "75MHz",
        "Collector Capacitance": "N/A"
      },
      "datasheets": [],
      "equivalents": [],
      "href": "/component/BC557"
    },
    {
      "id": "2N3906",
      "name": "2N3906",
      "type": "PNP Transistor",
      "description": "Low voltage (max. 40 V).1 collector2 baseAPPLICATIONS3 emitter High-spe\n..3. Size:61K st\n2n3906.pdf \n2N3906SMALL SIGNAL PNP TRANSISTORPRELIMINARY DATAOrdering Code Marking Package / Shipment2N3906 2N3906 TO-92 / Bulk2N3906-AP 2N3906 TO-92 / Ammopack SILICON EPITAXIAL PLANAR NPNTRANSISTOR TO-92 PACKAGE SUITABLE FORTHROUGH-HOLE PCB ASSEMBLY THE NPN COMPLEMENTARY TYPE IS2N3904TO-92 TO-92APPLICATIONS Bulk Ammopack WELL SUITABLE FOR TV AND HOMEAPPLIANCE EQUIPMENT\n..4. Size:148K fairchild semi\n2n3906.pdf",
      "manufacturer": "Various",
      "polarity": "PNP",
      "material": "Si",
      "package": "TO92",
      "maxCollectorCurrent": 0.2,
      "maxCollectorEmitterVoltage": 40,
      "maxCollectorBaseVoltage": 40,
      "maxEmitterBaseVoltage": 5,
      "maxPowerDissipation": 0.31,
      "maxJunctionTemperature": 135,
      "transitionFrequency": 250,
      "collectorCapacitance": 5,
      "hFE": 100,
      "specs": {
        "Polarity": "PNP",
        "Material": "Si",
        "Package": "TO92",
        "Collector Power Dissipation": "0.31W",
        "Collector-Base Voltage": "40V",
        "Collector-Emitter Voltage": "40V",
        "Emitter-Base Voltage": "5V",
        "Collector Current": "0.2A",
        "Current Gain (hFE)": "100",
        "Junction Temperature": "135°C",
        "Transition Frequency": "250MHz",
        "Collector Capacitance": "5pF"
      },
      "datasheets": [
        {
          "name": "st (61K)",
          "url": "https://alltransistors.com/adv/pdfview.php?doc=2n3906.pdf&dire=_st"
        },
        {
          "name": "fairchild semi (148K)",
          "url": "https://alltransistors.com/adv/pdfview.php?doc=2n3906.pdf&dire=_fairchild_semi"
        }
      ],
      "equivalents": [
        {
          "id": "2SC1815",
          "name": "2SC1815",
          "type": "PNP Transistor",
          "description": "Potential equivalent for 2N3906",
          "manufacturer": "Various",
          "href": "/component/2SC1815"
        }
      ],
      "href": "/component/2N3906"
    },
    {
      "id": "S8050",
      "name": "S8050",
      "type": "NPN Transistor",
      "description": "The UTC S8050 is a low voltage high current small signal 1NPN transistor, designed for Class B push-pull audio amplifier TO-92and general purpose applications. FEATURES * Collector current up to 700mA * Collector-Emitter voltage up to 20 V \n..2. Size:192K secos",
      "manufacturer": "Various",
      "polarity": "NPN",
      "material": "Si",
      "package": "SOT23",
      "maxCollectorCurrent": 0.5,
      "maxCollectorEmitterVoltage": 25,
      "maxCollectorBaseVoltage": 40,
      "maxEmitterBaseVoltage": 5,
      "maxPowerDissipation": 0.3,
      "maxJunctionTemperature": 150,
      "transitionFrequency": 150,
      "hFE": 120,
      "specs": {
        "Polarity": "NPN",
        "Material": "Si",
        "Package": "SOT23",
        "Collector Power Dissipation": "0.3W",
        "Collector-Base Voltage": "40V",
        "Collector-Emitter Voltage": "25V",
        "Emitter-Base Voltage": "5V",
        "Collector Current": "0.5A",
        "Current Gain (hFE)": "120",
        "Junction Temperature": "150°C",
        "Transition Frequency": "150MHz",
        "Collector Capacitance": "N/A"
      },
      "datasheets": [
        {
          "name": "utc (173K)",
          "url": "https://alltransistors.com/adv/pdfview.php?doc=s8050.pdf&dire=_utc"
        },
        {
          "name": "secos (192K)",
          "url": "https://alltransistors.com/adv/pdfview.php?doc=s8050.pdf&dire=_secos"
        },
        {
          "name": "jiangsu (1448K)",
          "url": "https://alltransistors.com/adv/pdfview.php?doc=s8050.pdf&dire=_jiangsu"
        },
        {
          "name": "htsemi (907K)",
          "url": "https://alltransistors.com/adv/pdfview.php?doc=s8050.pdf&dire=_htsemi"
        }
      ],
      "equivalents": [
        {
          "id": "MMBT589",
          "name": "MMBT589",
          "type": "NPN Transistor",
          "description": "Potential equivalent for S8050",
          "manufacturer": "Various",
          "href": "/component/MMBT589"
        },
        {
          "id": "MMBTA44",
          "name": "MMBTA44",
          "type": "NPN Transistor",
          "description": "Potential equivalent for S8050",
          "manufacturer": "Various",
          "href": "/component/MMBTA44"
        },
        {
          "id": "MMBTA94",
          "name": "MMBTA94",
          "type": "NPN Transistor",
          "description": "Potential equivalent for S8050",
          "manufacturer": "Various",
          "href": "/component/MMBTA94"
        },
        {
          "id": "PXT3904",
          "name": "PXT3904",
          "type": "NPN Transistor",
          "description": "Potential equivalent for S8050",
          "manufacturer": "Various",
          "href": "/component/PXT3904"
        },
        {
          "id": "PXT3906",
          "name": "PXT3906",
          "type": "NPN Transistor",
          "description": "Potential equivalent for S8050",
          "manufacturer": "Various",
          "href": "/component/PXT3906"
        },
        {
          "id": "PXT8050",
          "name": "PXT8050",
          "type": "NPN Transistor",
          "description": "Potential equivalent for S8050",
          "manufacturer": "Various",
          "href": "/component/PXT8050"
        },
        {
          "id": "PXT8550",
          "name": "PXT8550",
          "type": "NPN Transistor",
          "description": "Potential equivalent for S8050",
          "manufacturer": "Various",
          "href": "/component/PXT8550"
        }
      ],
      "href": "/component/S8050"
    },
    {
      "id": "2SC4793",
      "name": "2SC4793",
      "type": "NPN Transistor",
      "description": "With TO-220F package Complement to type 2SA1837 High transition frequency APPLICATIONS Power amplifier applications Driver stage amplifier applications PINNING PIN DESCRIPTION1 Base 2 Collector3 EmitterFig.1 simplified outline (TO-220F) and symbol Absolute maximum ratings\n..4. Size:853K jilin sino\n2sc4793.pdf",
      "manufacturer": "Various",
      "polarity": "NPN",
      "material": "Si",
      "package": "TO220F",
      "maxCollectorCurrent": 1,
      "maxCollectorEmitterVoltage": 230,
      "maxCollectorBaseVoltage": 230,
      "maxEmitterBaseVoltage": 5,
      "maxPowerDissipation": 50,
      "maxJunctionTemperature": 150,
      "transitionFrequency": 100,
      "collectorCapacitance": 20,
      "hFE": 100,
      "specs": {
        "Polarity": "NPN",
        "Material": "Si",
        "Package": "TO220F",
        "Collector Power Dissipation": "50W",
        "Collector-Base Voltage": "230V",
        "Collector-Emitter Voltage": "230V",
        "Emitter-Base Voltage": "5V",
        "Collector Current": "1A",
        "Current Gain (hFE)": "100",
        "Junction Temperature": "150°C",
        "Transition Frequency": "100MHz",
        "Collector Capacitance": "20pF"
      },
      "datasheets": [
        {
          "name": "toshiba (111K)",
          "url": "https://alltransistors.com/adv/pdfview.php?doc=2sc4793.pdf&dire=_toshiba"
        },
        {
          "name": "utc (46K)",
          "url": "https://alltransistors.com/adv/pdfview.php?doc=2sc4793.pdf&dire=_utc"
        },
        {
          "name": "jmnic (38K)",
          "url": "https://alltransistors.com/adv/pdfview.php?doc=2sc4793.pdf&dire=_jmnic"
        },
        {
          "name": "jilin sino (853K)",
          "url": "https://alltransistors.com/adv/pdfview.php?doc=2sc4793.pdf&dire=_jilin_sino"
        }
      ],
      "equivalents": [
        {
          "id": "2SC4764",
          "name": "2SC4764",
          "type": "NPN Transistor",
          "description": "Potential equivalent for 2SC4793",
          "manufacturer": "Various",
          "href": "/component/2SC4764"
        },
        {
          "id": "2SC4765",
          "name": "2SC4765",
          "type": "NPN Transistor",
          "description": "Potential equivalent for 2SC4793",
          "manufacturer": "Various",
          "href": "/component/2SC4765"
        },
        {
          "id": "2SC4766",
          "name": "2SC4766",
          "type": "NPN Transistor",
          "description": "Potential equivalent for 2SC4793",
          "manufacturer": "Various",
          "href": "/component/2SC4766"
        },
        {
          "id": "2SC477",
          "name": "2SC477",
          "type": "NPN Transistor",
          "description": "Potential equivalent for 2SC4793",
          "manufacturer": "Various",
          "href": "/component/2SC477"
        },
        {
          "id": "2SC478",
          "name": "2SC478",
          "type": "NPN Transistor",
          "description": "Potential equivalent for 2SC4793",
          "manufacturer": "Various",
          "href": "/component/2SC478"
        },
        {
          "id": "2SC4781",
          "name": "2SC4781",
          "type": "NPN Transistor",
          "description": "Potential equivalent for 2SC4793",
          "manufacturer": "Various",
          "href": "/component/2SC4781"
        },
        {
          "id": "2SC4789",
          "name": "2SC4789",
          "type": "NPN Transistor",
          "description": "Potential equivalent for 2SC4793",
          "manufacturer": "Various",
          "href": "/component/2SC4789"
        },
        {
          "id": "2SC479",
          "name": "2SC479",
          "type": "NPN Transistor",
          "description": "Potential equivalent for 2SC4793",
          "manufacturer": "Various",
          "href": "/component/2SC479"
        },
        {
          "id": "2SC4796",
          "name": "2SC4796",
          "type": "NPN Transistor",
          "description": "Potential equivalent for 2SC4793",
          "manufacturer": "Various",
          "href": "/component/2SC4796"
        },
        {
          "id": "2SC4797",
          "name": "2SC4797",
          "type": "NPN Transistor",
          "description": "Potential equivalent for 2SC4793",
          "manufacturer": "Various",
          "href": "/component/2SC4797"
        },
        {
          "id": "2SC479H",
          "name": "2SC479H",
          "type": "NPN Transistor",
          "description": "Potential equivalent for 2SC4793",
          "manufacturer": "Various",
          "href": "/component/2SC479H"
        },
        {
          "id": "2SC48",
          "name": "2SC48",
          "type": "NPN Transistor",
          "description": "Potential equivalent for 2SC4793",
          "manufacturer": "Various",
          "href": "/component/2SC48"
        },
        {
          "id": "2SC480",
          "name": "2SC480",
          "type": "NPN Transistor",
          "description": "Potential equivalent for 2SC4793",
          "manufacturer": "Various",
          "href": "/component/2SC480"
        },
        {
          "id": "2SC4806",
          "name": "2SC4806",
          "type": "NPN Transistor",
          "description": "Potential equivalent for 2SC4793",
          "manufacturer": "Various",
          "href": "/component/2SC4806"
        },
        {
          "id": "2SC481",
          "name": "2SC481",
          "type": "NPN Transistor",
          "description": "Potential equivalent for 2SC4793",
          "manufacturer": "Various",
          "href": "/component/2SC481"
        },
        {
          "id": "2SC482",
          "name": "2SC482",
          "type": "NPN Transistor",
          "description": "Potential equivalent for 2SC4793",
          "manufacturer": "Various",
          "href": "/component/2SC482"
        }
      ],
      "href": "/component/2SC4793"
    },
    {
      "id": "13003",
      "name": "13003",
      "type": "NPN Transistor",
      "description": "SYMBOL MJE13002 MJE13003 UNITVCEO(sus)Collector Emitter Voltage 300\n0.2. Size:148K philips",
      "manufacturer": "Various",
      "polarity": "NPN",
      "material": "Si",
      "package": "TO126",
      "maxCollectorCurrent": 1.25,
      "maxCollectorEmitterVoltage": 400,
      "maxCollectorBaseVoltage": 600,
      "maxEmitterBaseVoltage": 9,
      "maxPowerDissipation": 20,
      "maxJunctionTemperature": 150,
      "transitionFrequency": 8,
      "hFE": 10,
      "specs": {
        "Polarity": "NPN",
        "Material": "Si",
        "Package": "TO126",
        "Collector Power Dissipation": "20W",
        "Collector-Base Voltage": "600V",
        "Collector-Emitter Voltage": "400V",
        "Emitter-Base Voltage": "9V",
        "Collector Current": "1.25A",
        "Current Gain (hFE)": "10",
        "Junction Temperature": "150°C",
        "Transition Frequency": "8MHz",
        "Collector Capacitance": "N/A"
      },
      "datasheets": [
        {
          "name": "philips (148K)",
          "url": "https://alltransistors.com/adv/pdfview.php?doc=phe13003a.pdf&dire=_philips"
        }
      ],
      "equivalents": [
        {
          "id": "2N6193U3",
          "name": "2N6193U3",
          "type": "NPN Transistor",
          "description": "Potential equivalent for 13003",
          "manufacturer": "Various",
          "href": "/component/2N6193U3"
        },
        {
          "id": "3CA3505",
          "name": "3CA3505",
          "type": "NPN Transistor",
          "description": "Potential equivalent for 13003",
          "manufacturer": "Various",
          "href": "/component/3CA3505"
        },
        {
          "id": "3CA2505",
          "name": "3CA2505",
          "type": "NPN Transistor",
          "description": "Potential equivalent for 13003",
          "manufacturer": "Various",
          "href": "/component/3CA2505"
        }
      ],
      "href": "/component/13003"
    },
    {
      "id": "BC548",
      "name": "BC548",
      "type": "NPN Transistor",
      "description": "O92 \n- BJT Cross-Reference Search\nBC548 Datasheet (PDF)\n..1. Size:193K motorola\nbc546 bc547 bc548.pdf \nMOTOROLAOrder this documentSEMICONDUCTOR TECHNICAL DATAby BC546/DAmplifier TransistorsBC546, BNPN SiliconBC547, A, B, CBC548, A, B, CCOLLECTOR12BASE3EMITTER1MAXIMUM RATINGS23BC BC BC546 547 548Rating Symbol UnitCASE 2904, STYLE 17TO92 (TO226AA)CollectorEmitter Voltage VCEO 65 45 30 VdcCollectorBase Voltage VCBO 80 50 30 VdcEmitt\n..2. Size:44K fairchild semi\nbc546 bc547 bc548 bc549 bc550.pdf \nBC546/547/548/549/550Switching and Applications High Voltage: BC546, VCEO=65V Low Noise: BC549, BC550 Complement to BC556 ... BC560TO-9211. Collector 2. Base 3. EmitterNPN Epitaxial Silicon TransistorAbsolute Maximum Ratings Ta=25C unless otherwise noted Symbol Parameter Value UnitsVCBO Collector-Base Voltage : BC546 80 V: BC547/550 50 V: BC548/549 30 VVCE\n..3. Size:21K fairchild semi\nbc548 bc548a bc548b bc548c.pdf \nDiscrete POWER & SignalTechnologiesBC548BC548ABC548BBC548CE TO-92BCNPN General Purpose AmplifierThis device is designed for use as general purpose amplifiersand switches requiring collector currents to 300 mA. Sourced fromProcess 10. See PN100A for characteristics.Absolute Maximum Ratings* TA = 25C unless otherwise notedSymbol Parameter Value UnitsVCEO Collector-\n..4. Size:295K mcc\nbc546 bc547 bc548 to-92.pdf \nBC546A/B/CMCCMicro Commercial C omponentsTMBC547A/B/C20736 Marilla Street ChatsworthMicro Commercial ComponentsCA 91311Phone: (818) 701-4933BC548A/B/CFax: (818) 701-4939FeaturesNPN Silicon Lead Free Finish/RoHS Compliant (\"P\" Suffix designates RoHS Compliant. See ordering information)Amplifier Transistor Through Hole Package 150 C Junction Tempe\nDatasheet: BC546VI , BC547 , BC547A , BC547AP , BC547B , BC547BP , BC547C , BC547VI , C1815 , BC548A , BC548AP , BC548B , BC548BP , BC548C , BC548CP , BC549 , BC549A . \nHistory: 13003 | 2SC4793 | 2N3906 | BC557 | 2SD1047 | BC337 | 2SC2073 \nKeywords - BC548 transistor datasheet\nBC548 cross reference\nBC548 equivalent finder\nBC548 lookup\nBC548 substitution\nBC548 replacement",
      "manufacturer": "Various",
      "polarity": "NPN",
      "material": "Si",
      "package": "TO92",
      "maxCollectorCurrent": 0.1,
      "maxCollectorEmitterVoltage": 30,
      "maxCollectorBaseVoltage": 30,
      "maxEmitterBaseVoltage": 5,
      "maxPowerDissipation": 0.5,
      "maxJunctionTemperature": 150,
      "transitionFrequency": 300,
      "collectorCapacitance": 6,
      "hFE": 110,
      "specs": {
        "Polarity": "NPN",
        "Material": "Si",
        "Package": "TO92",
        "Collector Power Dissipation": "0.5W",
        "Collector-Base Voltage": "30V",
        "Collector-Emitter Voltage": "30V",
        "Emitter-Base Voltage": "5V",
        "Collector Current": "0.1A",
        "Current Gain (hFE)": "110",
        "Junction Temperature": "150°C",
        "Transition Frequency": "300MHz",
        "Collector Capacitance": "6pF"
      },
      "datasheets": [],
      "equivalents": [],
      "href": "/component/BC548"
    },
    {
      "id": "A733",
      "name": "A733",
      "type": "PNP Transistor",
      "description": "OT23 \n- BJT Cross-Reference Search\nA733 Datasheet (PDF)\n..1. Size:362K secos\na733.pdf \nA733 -0.1A , -60V PNP Plastic-Encapsulated Transistor Elektronische Bauelemente RoHS Compliant Product A suffix of -C specifies halogen & lead-free TO-92 FEATURES Power Dissipation G H1Emitter 1112Collector 222J3Base 333CLASSIFICATION OF hFE A DMillimeter Product-Rank A733-R A733-Q A733-P A733-K REF. BMin. Max. A 4.40 4.70 Ran\n..2. Size:752K jiangsu\na733.pdf \nJIANGSU CHANGJIANG ELECTRONICS TECHNOLOGY CO., LTD TO-92 Plastic-Encapsulate Transistors A733 TRANSISTOR (PNP)FEATURE TO-92 Power dissipation 1. EMITTER2. COLLECTOR3. BASE Equivalent Circuit A733=Device code Solid dot=Green molding compound device, A733 Z if none,the normal deviceZ=Rank of hFE XXX=Code1ORDERING INFORMATION Part Number Packa\n..3. Size:559K htsemi\na733.pdf \nA7 33TRANSISTOR (PNP) SOT-23 FEATURE Collector-Base Voltage 1. BASE 2. EMITTER Complement to C945 3. COLLECTOR MAXIMUM RATINGS(TA=25 unless otherwise noted) Symbol Parameter Value UnitsVCBO -60 VCollector-Base Voltage VCEO -50 VCollector-Emitter Voltage VEBO -5 VEmitter-Base Voltage IC Collector Current -Continuous -150 mA PC Collector Power Dissipat\n..4. Size:292K gsme\na733.pdf \nGuilin Strong Micro-Electronics Co.,Ltd.Guilin Strong Micro-Electronics Co.,Ltd.Guilin Strong Micro-Electronics Co.,Ltd.Guilin Strong Micro-Electronics Co.,Ltd.GMA733MAXIMUM RATINGS (Ta=25 )MAXIMUM RATINGS (Ta=25 )MAXIMUM RATINGS (Ta=25 ) MAXIMUM RATINGS (Ta=25)CHARACTERISTIC Symbol Rating Unit\nDatasheet: 2SD2142 , 2SD2150 , 2SD2413 , 2SD965A , 3DK2222A , A1015 , A42 , A44 , BC639 , A92 , A94 , B772 , C1815 , C945 , CJF715 , D882 , HM4033 . \nHistory: 13003 | 2SC4793 | 2N3906 | BC557 | 2SD1047 | BC337 | 2SC2073 \nKeywords - A733 transistor datasheet\nA733 cross reference\nA733 equivalent finder\nA733 lookup\nA733 substitution\nA733 replacement",
      "manufacturer": "Various",
      "polarity": "PNP",
      "material": "Si",
      "package": "SOT23",
      "maxCollectorCurrent": 0.15,
      "maxCollectorEmitterVoltage": 50,
      "maxCollectorBaseVoltage": 60,
      "maxEmitterBaseVoltage": 5,
      "maxPowerDissipation": 0.2,
      "maxJunctionTemperature": 150,
      "transitionFrequency": 50,
      "collectorCapacitance": 4.5,
      "hFE": 120,
      "specs": {
        "Polarity": "PNP",
        "Material": "Si",
        "Package": "SOT23",
        "Collector Power Dissipation": "0.2W",
        "Collector-Base Voltage": "60V",
        "Collector-Emitter Voltage": "50V",
        "Emitter-Base Voltage": "5V",
        "Collector Current": "0.15A",
        "Current Gain (hFE)": "120",
        "Junction Temperature": "150°C",
        "Transition Frequency": "50MHz",
        "Collector Capacitance": "4.5pF"
      },
      "datasheets": [
        {
          "name": "secos (362K)",
          "url": "https://alltransistors.com/adv/pdfview.php?doc=a733.pdf&dire=_secos"
        },
        {
          "name": "jiangsu (752K)",
          "url": "https://alltransistors.com/adv/pdfview.php?doc=a733.pdf&dire=_jiangsu"
        },
        {
          "name": "htsemi (559K)",
          "url": "https://alltransistors.com/adv/pdfview.php?doc=a733.pdf&dire=_htsemi"
        },
        {
          "name": "gsme (292K)",
          "url": "https://alltransistors.com/adv/pdfview.php?doc=a733.pdf&dire=_gsme"
        }
      ],
      "equivalents": [
        {
          "id": "2SD2142",
          "name": "2SD2142",
          "type": "PNP Transistor",
          "description": "Potential equivalent for A733",
          "manufacturer": "Various",
          "href": "/component/2SD2142"
        },
        {
          "id": "2SD2150",
          "name": "2SD2150",
          "type": "PNP Transistor",
          "description": "Potential equivalent for A733",
          "manufacturer": "Various",
          "href": "/component/2SD2150"
        },
        {
          "id": "2SD2413",
          "name": "2SD2413",
          "type": "PNP Transistor",
          "description": "Potential equivalent for A733",
          "manufacturer": "Various",
          "href": "/component/2SD2413"
        },
        {
          "id": "2SD965A",
          "name": "2SD965A",
          "type": "PNP Transistor",
          "description": "Potential equivalent for A733",
          "manufacturer": "Various",
          "href": "/component/2SD965A"
        },
        {
          "id": "3DK2222A",
          "name": "3DK2222A",
          "type": "PNP Transistor",
          "description": "Potential equivalent for A733",
          "manufacturer": "Various",
          "href": "/component/3DK2222A"
        },
        {
          "id": "CJF715",
          "name": "CJF715",
          "type": "PNP Transistor",
          "description": "Potential equivalent for A733",
          "manufacturer": "Various",
          "href": "/component/CJF715"
        }
      ],
      "href": "/component/A733"
    },
    {
      "id": "S9014",
      "name": "S9014",
      "type": "NPN Transistor",
      "description": "OT23 \n- BJT Cross-Reference Search\nS9014 Datasheet (PDF)\n..1. Size:253K secos\ns9014.pdf \nS9014NPN SiliconElektronische Bauelemente Pre-Amplifier, Low Level & Low NoiseRoHS Compliant ProductA suffix of \"-C\" specifies halogen & lead-freeSOT-23FEATURESCollectorDim Min Max33A 2.800 3.040B 1.200 1.400Power dissipation11C 0.890 1.1102 BasePCM : 0.2 WD 0.370 0.500Collector CurrentG 1.780 2.0402ICM : 0.1 A AEmitterH 0.013 0.100\n..2. Size:778K jiangsu\ns9014.pdf \nJIANGSU CHANGJING ELECTRONICS TECHNOLOGY CO., LTD SOT-23 Plastic-Encapsulate TransistorsSOT-23 S9014 TRANSISTOR (NPN)1. BASE FEATURES2. EMITTER Complementary to S90153. COLLECTORMARKING: J6 MAXIMUM RATINGS (Ta=25 unless otherwise noted) Symbol Parameter Value Unit V Collector-Base Voltage 50 V CBOVCEO Collector-Emitter Voltage 45 V V Emitter-Base Voltage 5 V \n..3. Size:1202K htsemi\ns9014.pdf \nS901 4 TRANSISTOR (NPN) SOT-23 1. BASE FEATURES 2. EMITTER Complementary to S9015 3. COLLECTOR MARKING: J6 unless otherwise noted) MAXIMUM RATINGS (TA=25Symbol Parameter Value UnitsVCBO Collector-Base Voltage 50 V VCEO Collector-Emitter Voltage 45 V VEBO Emitter-Base Voltage 5 V IC Collector Current -Continuous 0.1 A PC Collector Power Dissipation 0.2 W T\n..4. Size:241K gsme\ns9014.pdf \nGuilin Strong Micro-Electronics Co.,Ltd.Guilin Strong Micro-Electronics Co.,Ltd.Guilin Strong Micro-Electronics Co.,Ltd.GM9014FEATURESFEATURES FEATURESExcellent HFE Linearity HFE HFE(0.1mA)/ hFE(2mA)=0.95(Typ.)High HFE HFEHFE=200700Low Noise NF=1dB(Typ.),10dB(Max.).Comple\nDatasheet: PXT3906 , PXT8050 , PXT8550 , S8050 , S8550 , S9012 , S9013 , S9013W , 2SA1943 , S9014W , S9015 , S9015W , S9018 , S9018W , SS8550B , STD123S , SC116 . \nHistory: A733 | 13003 | 2SC4793 | 2N3906 | BC557 | 2SD1047 | BC337 \nKeywords - S9014 transistor datasheet\nS9014 cross reference\nS9014 equivalent finder\nS9014 lookup\nS9014 substitution\nS9014 replacement",
      "manufacturer": "Various",
      "polarity": "NPN",
      "material": "Si",
      "package": "SOT23",
      "maxCollectorCurrent": 0.1,
      "maxCollectorEmitterVoltage": 45,
      "maxCollectorBaseVoltage": 50,
      "maxEmitterBaseVoltage": 5,
      "maxPowerDissipation": 0.2,
      "maxJunctionTemperature": 150,
      "transitionFrequency": 150,
      "hFE": 200,
      "specs": {
        "Polarity": "NPN",
        "Material": "Si",
        "Package": "SOT23",
        "Collector Power Dissipation": "0.2W",
        "Collector-Base Voltage": "50V",
        "Collector-Emitter Voltage": "45V",
        "Emitter-Base Voltage": "5V",
        "Collector Current": "0.1A",
        "Current Gain (hFE)": "200",
        "Junction Temperature": "150°C",
        "Transition Frequency": "150MHz",
        "Collector Capacitance": "N/A"
      },
      "datasheets": [
        {
          "name": "secos (253K)",
          "url": "https://alltransistors.com/adv/pdfview.php?doc=s9014.pdf&dire=_secos"
        },
        {
          "name": "jiangsu (778K)",
          "url": "https://alltransistors.com/adv/pdfview.php?doc=s9014.pdf&dire=_jiangsu"
        },
        {
          "name": "htsemi (1202K)",
          "url": "https://alltransistors.com/adv/pdfview.php?doc=s9014.pdf&dire=_htsemi"
        },
        {
          "name": "gsme (241K)",
          "url": "https://alltransistors.com/adv/pdfview.php?doc=s9014.pdf&dire=_gsme"
        }
      ],
      "equivalents": [
        {
          "id": "PXT3906",
          "name": "PXT3906",
          "type": "NPN Transistor",
          "description": "Potential equivalent for S9014",
          "manufacturer": "Various",
          "href": "/component/PXT3906"
        },
        {
          "id": "PXT8050",
          "name": "PXT8050",
          "type": "NPN Transistor",
          "description": "Potential equivalent for S9014",
          "manufacturer": "Various",
          "href": "/component/PXT8050"
        },
        {
          "id": "PXT8550",
          "name": "PXT8550",
          "type": "NPN Transistor",
          "description": "Potential equivalent for S9014",
          "manufacturer": "Various",
          "href": "/component/PXT8550"
        },
        {
          "id": "2SA1943",
          "name": "2SA1943",
          "type": "NPN Transistor",
          "description": "Potential equivalent for S9014",
          "manufacturer": "Various",
          "href": "/component/2SA1943"
        },
        {
          "id": "STD123S",
          "name": "STD123S",
          "type": "NPN Transistor",
          "description": "Potential equivalent for S9014",
          "manufacturer": "Various",
          "href": "/component/STD123S"
        }
      ],
      "href": "/component/S9014"
    },
    {
      "id": "A940",
      "name": "A940",
      "type": "PNP Transistor",
      "description": "O220 \n- BJT Cross-Reference Search\nA940 Datasheet (PDF)\n..1. Size:280K fgx\na940.pdf \nA940PNP silicon APPLICATIONLow Noise Audio Amplifier Applications.MAXIMUM RATINGSTa25PARAMETER SYMBOL RATING UNITCollector-base voltage -150 VVCBOCollector-emitter voltage -150 VVCEOTO-2201Emitter-base voltage -5 VVEBO1.Base 2.Collector 3.EmitterCollector current -1.5 AICBase current -0.5 AIBC\n0.2. Size:59K fairchild semi\nksa940.pdf \nKSA940Vertical Deflection Output Power Amplifier Complement to KSC2073TO-22011.Base 2.Collector 3.EmitterPNP Epitaxial Silicon TransistorAbsolute Maximum Ratings TC=25C unless otherwise noted Symbol Parameter Ratings UnitsVCBO Collector-Base Voltage - 150 VVCEO Collector-Emitter Voltage - 150 VVEBO Emitter-Base Voltage - 5 VIC Collector Current - 1.5 AIB Base Curr\n0.3. Size:243K onsemi\nksa940.pdf \nIs Now Part ofTo learn more about ON Semiconductor, please visit our website at www.onsemi.comPlease note: As part of the Fairchild Semiconductor integration, some of the Fairchild orderable part numbers will need to change in order to meet ON Semiconductors system requirements. Since the ON Semiconductor product management systems do not have the ability to manage part nomenclatur\nDatasheet: A817 , A838 , A844 , A9015 , A928A , A931 , A933 , A933AS , BD777 , A950 , A952 , A966 , A970 , A984 , AFT2222A , AFT2907A , AFT3904 . \nHistory: S9014 | A733 | 13003 | 2SC4793 | 2N3906 | BC557 | 2SD1047 \nKeywords - A940 transistor datasheet\nA940 cross reference\nA940 equivalent finder\nA940 lookup\nA940 substitution\nA940 replacement",
      "manufacturer": "Various",
      "polarity": "PNP",
      "material": "Si",
      "package": "TO220",
      "maxCollectorCurrent": 1.5,
      "maxCollectorEmitterVoltage": 150,
      "maxCollectorBaseVoltage": 150,
      "maxEmitterBaseVoltage": 5,
      "maxPowerDissipation": 25,
      "maxJunctionTemperature": 150,
      "transitionFrequency": 4,
      "collectorCapacitance": 35,
      "hFE": 40,
      "specs": {
        "Polarity": "PNP",
        "Material": "Si",
        "Package": "TO220",
        "Collector Power Dissipation": "25W",
        "Collector-Base Voltage": "150V",
        "Collector-Emitter Voltage": "150V",
        "Emitter-Base Voltage": "5V",
        "Collector Current": "1.5A",
        "Current Gain (hFE)": "40",
        "Junction Temperature": "150°C",
        "Transition Frequency": "4MHz",
        "Collector Capacitance": "35pF"
      },
      "datasheets": [
        {
          "name": "fgx (280K)",
          "url": "https://alltransistors.com/adv/pdfview.php?doc=a940.pdf&dire=_fgx"
        },
        {
          "name": "fairchild semi (59K)",
          "url": "https://alltransistors.com/adv/pdfview.php?doc=ksa940.pdf&dire=_fairchild_semi"
        },
        {
          "name": "onsemi (243K)",
          "url": "https://alltransistors.com/adv/pdfview.php?doc=ksa940.pdf&dire=_onsemi"
        }
      ],
      "equivalents": [
        {
          "id": "AFT2222A",
          "name": "AFT2222A",
          "type": "PNP Transistor",
          "description": "Potential equivalent for A940",
          "manufacturer": "Various",
          "href": "/component/AFT2222A"
        },
        {
          "id": "AFT2907A",
          "name": "AFT2907A",
          "type": "PNP Transistor",
          "description": "Potential equivalent for A940",
          "manufacturer": "Various",
          "href": "/component/AFT2907A"
        },
        {
          "id": "AFT3904",
          "name": "AFT3904",
          "type": "PNP Transistor",
          "description": "Potential equivalent for A940",
          "manufacturer": "Various",
          "href": "/component/AFT3904"
        }
      ],
      "href": "/component/A940"
    },
    {
      "id": "MJE340",
      "name": "MJE340",
      "type": "NPN Transistor",
      "description": "SYMBOL VALUE UNITCollector Emitter Voltage VCEO 300 VCollector Base Voltage VCBO 300 VVEBOEmitter Base Voltage 3.0 VICC\n..4. Size:212K inchange semiconductor",
      "manufacturer": "Various",
      "polarity": "NPN",
      "material": "Si",
      "package": "TO126",
      "maxCollectorCurrent": 0.5,
      "maxCollectorEmitterVoltage": 300,
      "maxCollectorBaseVoltage": 300,
      "maxEmitterBaseVoltage": 3,
      "maxPowerDissipation": 20,
      "maxJunctionTemperature": 150,
      "transitionFrequency": 10,
      "hFE": 30,
      "specs": {
        "Polarity": "NPN",
        "Material": "Si",
        "Package": "TO126",
        "Collector Power Dissipation": "20W",
        "Collector-Base Voltage": "300V",
        "Collector-Emitter Voltage": "300V",
        "Emitter-Base Voltage": "3V",
        "Collector Current": "0.5A",
        "Current Gain (hFE)": "30",
        "Junction Temperature": "150°C",
        "Transition Frequency": "10MHz",
        "Collector Capacitance": "N/A"
      },
      "datasheets": [
        {
          "name": "fairchild semi (37K)",
          "url": "https://alltransistors.com/adv/pdfview.php?doc=mje340.pdf&dire=_fairchild_semi"
        },
        {
          "name": "cdil (238K)",
          "url": "https://alltransistors.com/adv/pdfview.php?doc=mje340.pdf&dire=_cdil"
        },
        {
          "name": "inchange semiconductor (212K)",
          "url": "https://alltransistors.com/adv/pdfview.php?doc=mje340.pdf&dire=_inchange_semiconductor"
        }
      ],
      "equivalents": [
        {
          "id": "MJE3311",
          "name": "MJE3311",
          "type": "NPN Transistor",
          "description": "Potential equivalent for MJE340",
          "manufacturer": "Various",
          "href": "/component/MJE3311"
        },
        {
          "id": "MJE3312",
          "name": "MJE3312",
          "type": "NPN Transistor",
          "description": "Potential equivalent for MJE340",
          "manufacturer": "Various",
          "href": "/component/MJE3312"
        },
        {
          "id": "MJE3370",
          "name": "MJE3370",
          "type": "NPN Transistor",
          "description": "Potential equivalent for MJE340",
          "manufacturer": "Various",
          "href": "/component/MJE3370"
        },
        {
          "id": "MJE3371",
          "name": "MJE3371",
          "type": "NPN Transistor",
          "description": "Potential equivalent for MJE340",
          "manufacturer": "Various",
          "href": "/component/MJE3371"
        },
        {
          "id": "MJE33A",
          "name": "MJE33A",
          "type": "NPN Transistor",
          "description": "Potential equivalent for MJE340",
          "manufacturer": "Various",
          "href": "/component/MJE33A"
        },
        {
          "id": "MJE33B",
          "name": "MJE33B",
          "type": "NPN Transistor",
          "description": "Potential equivalent for MJE340",
          "manufacturer": "Various",
          "href": "/component/MJE33B"
        },
        {
          "id": "MJE33C",
          "name": "MJE33C",
          "type": "NPN Transistor",
          "description": "Potential equivalent for MJE340",
          "manufacturer": "Various",
          "href": "/component/MJE33C"
        },
        {
          "id": "MJE34",
          "name": "MJE34",
          "type": "NPN Transistor",
          "description": "Potential equivalent for MJE340",
          "manufacturer": "Various",
          "href": "/component/MJE34"
        },
        {
          "id": "TIP41C",
          "name": "TIP41C",
          "type": "NPN Transistor",
          "description": "Potential equivalent for MJE340",
          "manufacturer": "Various",
          "href": "/component/TIP41C"
        },
        {
          "id": "MJE340K",
          "name": "MJE340K",
          "type": "NPN Transistor",
          "description": "Potential equivalent for MJE340",
          "manufacturer": "Various",
          "href": "/component/MJE340K"
        },
        {
          "id": "MJE341",
          "name": "MJE341",
          "type": "NPN Transistor",
          "description": "Potential equivalent for MJE340",
          "manufacturer": "Various",
          "href": "/component/MJE341"
        },
        {
          "id": "MJE341K",
          "name": "MJE341K",
          "type": "NPN Transistor",
          "description": "Potential equivalent for MJE340",
          "manufacturer": "Various",
          "href": "/component/MJE341K"
        },
        {
          "id": "MJE3439",
          "name": "MJE3439",
          "type": "NPN Transistor",
          "description": "Potential equivalent for MJE340",
          "manufacturer": "Various",
          "href": "/component/MJE3439"
        },
        {
          "id": "MJE344",
          "name": "MJE344",
          "type": "NPN Transistor",
          "description": "Potential equivalent for MJE340",
          "manufacturer": "Various",
          "href": "/component/MJE344"
        },
        {
          "id": "MJE3440",
          "name": "MJE3440",
          "type": "NPN Transistor",
          "description": "Potential equivalent for MJE340",
          "manufacturer": "Various",
          "href": "/component/MJE3440"
        },
        {
          "id": "MJE344K",
          "name": "MJE344K",
          "type": "NPN Transistor",
          "description": "Potential equivalent for MJE340",
          "manufacturer": "Various",
          "href": "/component/MJE344K"
        },
        {
          "id": "MJE345",
          "name": "MJE345",
          "type": "NPN Transistor",
          "description": "Potential equivalent for MJE340",
          "manufacturer": "Various",
          "href": "/component/MJE345"
        }
      ],
      "href": "/component/MJE340"
    },
    {
      "id": "TIP31C",
      "name": "TIP31C",
      "type": "NPN Transistor",
      "description": "O220 \n- BJT Cross-Reference Search\nTIP31C Datasheet (PDF)\n..1. Size:136K st\ntip31c.pdf \nTIP31CPower transistorsGeneral features New enhanced series High switching speed hFE improved linearity hFE Grouping32Applications1 Linear and switching industrial applicationTO-220DescriptionThe TIP31C is a base island technology NPN power transistor in TO-220 plastic package with Internal schematic diagrambetter performances than the industry s\n..2. Size:67K st\ntip31a tip31c tip32a tip32b tip32c.pdf \nTIP31A/31CTIP32A/32B/32C COMPLEMENTARY SILICON POWERTRANSISTORSAPPLICATION LINEAR AND SWITCHING INDUSTRIALEQUIPMENTDESCRIPTIONThe TIP31A and TIP31C are siliconEpitaxial-Base NPN transistors mounted inJedec TO-220 plastic package. They are intented3for use in medium power linear and switching 21applications.The complementary PNP types are TIP32A andTO-220TI\n..3. Size:526K fairchild semi\ntip31 tip31a tip31b tip31c.pdf \nJuly 2008TIP31/TIP31A/TIP31B/TIP31CNPN Epitaxial Silicon TransistorFeatures Complementary to TIP32/TIP32A/TIP32B/TIP32C1. Base 2. Collector 3. EmitterAbsolute Maximum Ratings TC=25C unless otherwise notedSymbol Parameter Value Units VCBO Collector-Base Voltage : TIP31 40 V : TIP31A 60 V : TIP31B 80 V : TIP31C 100 V VCEO Collector-Emitter Voltage : TIP31 40 V : TIP\n..4. Size:256K mcc\ntip31 tip31a tip31b tip31c to-220.pdf \nMCCTMMicro Commercial ComponentsTIP31/31A/31B/31C20736 Marilla Street ChatsworthMicro Commercial ComponentsCA 91311Phone: (818) 701-4933Fax: (818) 701-4939Features Lead Free Finish/RoHS Compliant(Note 1) (\"P\" Suffix designates RoHS Compliant. See ordering information) Silicon NPN The complementary PNP types are the TIP32 respectively Epoxy meets UL 94 V-0 \nDatasheet: TIP30B , TIP30C , TIP30D , TIP30E , TIP30F , TIP31 , TIP31A , TIP31B , A1013 , TIP31D , TIP31E , TIP31F , TIP32 , TIP32A , TIP32B , TIP32C , TIP32D . \nHistory: A940 | S9014 | A733 | 13003 | 2SC4793 | 2N3906 | BC557 \nKeywords - TIP31C transistor datasheet\nTIP31C cross reference\nTIP31C equivalent finder\nTIP31C lookup\nTIP31C substitution\nTIP31C replacement",
      "manufacturer": "Various",
      "polarity": "NPN",
      "material": "Si",
      "package": "TO220",
      "maxCollectorCurrent": 3,
      "maxCollectorEmitterVoltage": 100,
      "maxCollectorBaseVoltage": 140,
      "maxEmitterBaseVoltage": 5,
      "maxPowerDissipation": 40,
      "maxJunctionTemperature": 150,
      "transitionFrequency": 3,
      "hFE": 20,
      "specs": {
        "Polarity": "NPN",
        "Material": "Si",
        "Package": "TO220",
        "Collector Power Dissipation": "40W",
        "Collector-Base Voltage": "140V",
        "Collector-Emitter Voltage": "100V",
        "Emitter-Base Voltage": "5V",
        "Collector Current": "3A",
        "Current Gain (hFE)": "20",
        "Junction Temperature": "150°C",
        "Transition Frequency": "3MHz",
        "Collector Capacitance": "N/A"
      },
      "datasheets": [
        {
          "name": "st (136K)",
          "url": "https://alltransistors.com/adv/pdfview.php?doc=tip31c.pdf&dire=_st"
        }
      ],
      "equivalents": [
        {
          "id": "TIP30B",
          "name": "TIP30B",
          "type": "NPN Transistor",
          "description": "Potential equivalent for TIP31C",
          "manufacturer": "Various",
          "href": "/component/TIP30B"
        },
        {
          "id": "TIP30C",
          "name": "TIP30C",
          "type": "NPN Transistor",
          "description": "Potential equivalent for TIP31C",
          "manufacturer": "Various",
          "href": "/component/TIP30C"
        },
        {
          "id": "TIP30D",
          "name": "TIP30D",
          "type": "NPN Transistor",
          "description": "Potential equivalent for TIP31C",
          "manufacturer": "Various",
          "href": "/component/TIP30D"
        },
        {
          "id": "TIP30E",
          "name": "TIP30E",
          "type": "NPN Transistor",
          "description": "Potential equivalent for TIP31C",
          "manufacturer": "Various",
          "href": "/component/TIP30E"
        },
        {
          "id": "TIP30F",
          "name": "TIP30F",
          "type": "NPN Transistor",
          "description": "Potential equivalent for TIP31C",
          "manufacturer": "Various",
          "href": "/component/TIP30F"
        },
        {
          "id": "TIP31",
          "name": "TIP31",
          "type": "NPN Transistor",
          "description": "Potential equivalent for TIP31C",
          "manufacturer": "Various",
          "href": "/component/TIP31"
        },
        {
          "id": "TIP31A",
          "name": "TIP31A",
          "type": "NPN Transistor",
          "description": "Potential equivalent for TIP31C",
          "manufacturer": "Various",
          "href": "/component/TIP31A"
        },
        {
          "id": "TIP31B",
          "name": "TIP31B",
          "type": "NPN Transistor",
          "description": "Potential equivalent for TIP31C",
          "manufacturer": "Various",
          "href": "/component/TIP31B"
        },
        {
          "id": "TIP31D",
          "name": "TIP31D",
          "type": "NPN Transistor",
          "description": "Potential equivalent for TIP31C",
          "manufacturer": "Various",
          "href": "/component/TIP31D"
        },
        {
          "id": "TIP31E",
          "name": "TIP31E",
          "type": "NPN Transistor",
          "description": "Potential equivalent for TIP31C",
          "manufacturer": "Various",
          "href": "/component/TIP31E"
        },
        {
          "id": "TIP31F",
          "name": "TIP31F",
          "type": "NPN Transistor",
          "description": "Potential equivalent for TIP31C",
          "manufacturer": "Various",
          "href": "/component/TIP31F"
        },
        {
          "id": "TIP32",
          "name": "TIP32",
          "type": "NPN Transistor",
          "description": "Potential equivalent for TIP31C",
          "manufacturer": "Various",
          "href": "/component/TIP32"
        },
        {
          "id": "TIP32A",
          "name": "TIP32A",
          "type": "NPN Transistor",
          "description": "Potential equivalent for TIP31C",
          "manufacturer": "Various",
          "href": "/component/TIP32A"
        },
        {
          "id": "TIP32B",
          "name": "TIP32B",
          "type": "NPN Transistor",
          "description": "Potential equivalent for TIP31C",
          "manufacturer": "Various",
          "href": "/component/TIP32B"
        },
        {
          "id": "TIP32C",
          "name": "TIP32C",
          "type": "NPN Transistor",
          "description": "Potential equivalent for TIP31C",
          "manufacturer": "Various",
          "href": "/component/TIP32C"
        },
        {
          "id": "TIP32D",
          "name": "TIP32D",
          "type": "NPN Transistor",
          "description": "Potential equivalent for TIP31C",
          "manufacturer": "Various",
          "href": "/component/TIP32D"
        }
      ],
      "href": "/component/TIP31C"
    },
    {
      "id": "2SA1837",
      "name": "2SA1837",
      "type": "PNP Transistor",
      "description": "With TO-220F package Complement to type 2SC4793 High transition frequency APPLICATIONS Power amplifier applications Driver stage amplifier applications PINNING PIN DESCRIPTION1 Base 2 CollectorFig.1 simplified outline (TO-220F) and symbol 3 EmitterAbsolute maximum ratings (Ta=25\n..4. Size:875K jilin sino\n2sa1837.pdf",
      "manufacturer": "Various",
      "polarity": "PNP",
      "material": "Si",
      "package": "TO220",
      "maxCollectorCurrent": 1,
      "maxCollectorEmitterVoltage": 230,
      "maxCollectorBaseVoltage": 230,
      "maxEmitterBaseVoltage": 5,
      "maxPowerDissipation": 20,
      "maxJunctionTemperature": 150,
      "transitionFrequency": 70,
      "collectorCapacitance": 30,
      "hFE": 100,
      "specs": {
        "Polarity": "PNP",
        "Material": "Si",
        "Package": "TO220",
        "Collector Power Dissipation": "20W",
        "Collector-Base Voltage": "230V",
        "Collector-Emitter Voltage": "230V",
        "Emitter-Base Voltage": "5V",
        "Collector Current": "1A",
        "Current Gain (hFE)": "100",
        "Junction Temperature": "150°C",
        "Transition Frequency": "70MHz",
        "Collector Capacitance": "30pF"
      },
      "datasheets": [
        {
          "name": "toshiba (135K)",
          "url": "https://alltransistors.com/adv/pdfview.php?doc=2sa1837.pdf&dire=_toshiba"
        },
        {
          "name": "utc (175K)",
          "url": "https://alltransistors.com/adv/pdfview.php?doc=2sa1837.pdf&dire=_utc"
        },
        {
          "name": "jmnic (190K)",
          "url": "https://alltransistors.com/adv/pdfview.php?doc=2sa1837.pdf&dire=_jmnic"
        },
        {
          "name": "jilin sino (875K)",
          "url": "https://alltransistors.com/adv/pdfview.php?doc=2sa1837.pdf&dire=_jilin_sino"
        }
      ],
      "equivalents": [
        {
          "id": "2SA1815",
          "name": "2SA1815",
          "type": "PNP Transistor",
          "description": "Potential equivalent for 2SA1837",
          "manufacturer": "Various",
          "href": "/component/2SA1815"
        },
        {
          "id": "2SA1815",
          "name": "2SA1815",
          "type": "PNP Transistor",
          "description": "Potential equivalent for 2SA1837",
          "manufacturer": "Various",
          "href": "/component/2SA1815"
        },
        {
          "id": "2SA1815",
          "name": "2SA1815",
          "type": "PNP Transistor",
          "description": "Potential equivalent for 2SA1837",
          "manufacturer": "Various",
          "href": "/component/2SA1815"
        },
        {
          "id": "2SA1815",
          "name": "2SA1815",
          "type": "PNP Transistor",
          "description": "Potential equivalent for 2SA1837",
          "manufacturer": "Various",
          "href": "/component/2SA1815"
        },
        {
          "id": "2SA182",
          "name": "2SA182",
          "type": "PNP Transistor",
          "description": "Potential equivalent for 2SA1837",
          "manufacturer": "Various",
          "href": "/component/2SA182"
        },
        {
          "id": "2SA1822",
          "name": "2SA1822",
          "type": "PNP Transistor",
          "description": "Potential equivalent for 2SA1837",
          "manufacturer": "Various",
          "href": "/component/2SA1822"
        },
        {
          "id": "2SA183",
          "name": "2SA183",
          "type": "PNP Transistor",
          "description": "Potential equivalent for 2SA1837",
          "manufacturer": "Various",
          "href": "/component/2SA183"
        },
        {
          "id": "2SA1832",
          "name": "2SA1832",
          "type": "PNP Transistor",
          "description": "Potential equivalent for 2SA1837",
          "manufacturer": "Various",
          "href": "/component/2SA1832"
        },
        {
          "id": "2SB817",
          "name": "2SB817",
          "type": "PNP Transistor",
          "description": "Potential equivalent for 2SA1837",
          "manufacturer": "Various",
          "href": "/component/2SB817"
        },
        {
          "id": "2SA184",
          "name": "2SA184",
          "type": "PNP Transistor",
          "description": "Potential equivalent for 2SA1837",
          "manufacturer": "Various",
          "href": "/component/2SA184"
        },
        {
          "id": "2SA1856",
          "name": "2SA1856",
          "type": "PNP Transistor",
          "description": "Potential equivalent for 2SA1837",
          "manufacturer": "Various",
          "href": "/component/2SA1856"
        },
        {
          "id": "2SA1857",
          "name": "2SA1857",
          "type": "PNP Transistor",
          "description": "Potential equivalent for 2SA1837",
          "manufacturer": "Various",
          "href": "/component/2SA1857"
        },
        {
          "id": "2SA1857",
          "name": "2SA1857",
          "type": "PNP Transistor",
          "description": "Potential equivalent for 2SA1837",
          "manufacturer": "Various",
          "href": "/component/2SA1857"
        },
        {
          "id": "2SA1857",
          "name": "2SA1857",
          "type": "PNP Transistor",
          "description": "Potential equivalent for 2SA1837",
          "manufacturer": "Various",
          "href": "/component/2SA1857"
        },
        {
          "id": "2SA1857",
          "name": "2SA1857",
          "type": "PNP Transistor",
          "description": "Potential equivalent for 2SA1837",
          "manufacturer": "Various",
          "href": "/component/2SA1857"
        },
        {
          "id": "2SA1859",
          "name": "2SA1859",
          "type": "PNP Transistor",
          "description": "Potential equivalent for 2SA1837",
          "manufacturer": "Various",
          "href": "/component/2SA1859"
        },
        {
          "id": "2SA1859A",
          "name": "2SA1859A",
          "type": "PNP Transistor",
          "description": "Potential equivalent for 2SA1837",
          "manufacturer": "Various",
          "href": "/component/2SA1859A"
        }
      ],
      "href": "/component/2SA1837"
    },
    {
      "id": "BC327",
      "name": "BC327",
      "type": "PNP Transistor",
      "description": "Low voltage (max. 45 V).1 emitter2 baseAPPLICATIONS3 collector\n..3. Size:233K philips",
      "manufacturer": "Various",
      "polarity": "PNP",
      "material": "Si",
      "package": "TO92",
      "maxCollectorCurrent": 0.8,
      "maxCollectorEmitterVoltage": 45,
      "maxCollectorBaseVoltage": 50,
      "maxEmitterBaseVoltage": 5,
      "maxPowerDissipation": 0.5,
      "maxJunctionTemperature": 150,
      "transitionFrequency": 60,
      "collectorCapacitance": 18,
      "hFE": 63,
      "specs": {
        "Polarity": "PNP",
        "Material": "Si",
        "Package": "TO92",
        "Collector Power Dissipation": "0.5W",
        "Collector-Base Voltage": "50V",
        "Collector-Emitter Voltage": "45V",
        "Emitter-Base Voltage": "5V",
        "Collector Current": "0.8A",
        "Current Gain (hFE)": "63",
        "Junction Temperature": "150°C",
        "Transition Frequency": "60MHz",
        "Collector Capacitance": "18pF"
      },
      "datasheets": [],
      "equivalents": [],
      "href": "/component/BC327"
    }
  ]
}